{"connectorsToSave":[{"id":"15108803418162","name":"new-connector-3","points":[[410,515],[425,629],[596,629]],"side1":"15108803369311","side2":"15108802099260","uiType":"Connector","x1":410,"y1":515,"x2":605,"y2":630,"templateData":{"type":"fusionstage.relationships.HostedOn"}},{"id":"15108810134584","name":"new-connector-5","points":[[410,755],[425,629],[596,629]],"side1":"15108809951823","side2":"15108802099260","uiType":"Connector","x1":410,"y1":755,"x2":605,"y2":630,"templateData":{"type":"fusionstage.relationships.HostedOn"}},{"id":"15108812633866","name":"new-connector-7","points":[[200,515],[185,629],[144,629]],"side1":"15108803369311","side2":"15108811076355","uiType":"Connector","x1":200,"y1":515,"x2":85,"y2":630,"templateData":{"type":"fusionstage.relationships.AttachesTo"}},{"id":"15108812747507","name":"new-connector-8","points":[[200,755],[111,755],[111,663]],"side1":"15108809951823","side2":"15108811076355","uiType":"Connector","x1":200,"y1":755,"x2":85,"y2":630,"templateData":{"type":"fusionstage.relationships.AttachesTo"}}],"nodesToSave":[{"id":"151084097003810","name":"calculator-container","container":{"parent":"15108803369311","type":"fusionstage.relationships.PackageConsistsOf"},"type":"fusionstage.nodes.ContainerComponent","width":70,"height":70,"uiType":"SmallNode","rectcolor":"#1BBC9B","x":280,"y":480},{"id":"151084098686911","name":"webapp-container","container":{"parent":"15108809951823","type":"fusionstage.relationships.PackageConsistsOf"},"type":"fusionstage.nodes.ContainerComponent","width":70,"height":70,"uiType":"SmallNode","rectcolor":"#1BBC9B","x":280,"y":720},{"id":"15108802099260","name":"cluster-resources","type":"fusionstage.nodes.NodePool","width":70,"height":70,"uiType":"SmallNode","rectcolor":"#3AAEFB","x":600,"y":600,"connectedTo":["15108803418162","15108810134584"]},{"id":"15108803369311","name":"calculator","type":"fusionstage.nodes.StatelessApplication","width":210,"height":180,"uiType":"Node","rectcolor":"#1BBC9B","x":200,"y":420,"children":["151084097003810"],"connectedTo":["15108803418162","15108812633866"]},{"id":"15108809951823","name":"webapp","type":"fusionstage.nodes.StatelessApplication","width":210,"height":180,"uiType":"Node","rectcolor":"#1BBC9B","x":200,"y":660,"children":["151084098686911"],"connectedTo":["15108810134584","15108812747507"]},{"id":"15108811076355","name":"bmi","type":"fusionstage.nodes.LocalVolume","width":70,"height":70,"uiType":"SmallNode","rectcolor":"#3AAEFB","x":80,"y":600,"connectedTo":["15108812633866","15108812747507"]}]}